timestamp,ta_id,ta_slug,ta_name,course_name,session_id,query,answer,sources,chunk_count,latency_ms,retrieval_latency_ms,generation_latency_ms,token_count,total_chunks_in_ta,filters_applied,filter_match_count,retrieval_method,is_conceptual,score_top1,score_top8,score_mean,score_spread,chunk_scores,chunk_sources_detail,rerank_applied,rerank_method,rerank_latency_ms,llm_score_top1,llm_score_top8,vector_score_top1,top_reasons,pre_rerank_candidates,hybrid_fallback_triggered,hybrid_fallback_reason,hybrid_doc_filename,hybrid_doc_tokens,hybrid_doc_id_method,validation_performed,validation_passed,validation_expected_ref,validation_matches_found
2026-01-27T02:57:07.712791Z,9DZjr-Y39RZGJ4Uj,mgt404,MGT 404 Economics & Game Theory,MGT 404 Economics & Game Theory,d5oSmJ4cZNwv7Xv-atbvfw,I need help with question a) from section 1 in the 2023 final,"It seems you're asking for help with question a) from section 1 of the 2023 final, but the document provided is about adverse selection and doesn't include specific questions from the 2023 final exam. However, I can help you understand the concepts related to adverse selection, which might be relevant to your question.

Adverse selection occurs when one party in a transaction has more information than the other, leading to an inefficient market outcome. This often happens in markets like insurance, where individuals have private information about their risk levels that the insurer does not. The result can be a ""death spiral,"" where only high-risk individuals purchase insurance, driving up premiums and pushing out low-risk individuals.

Key strategies to mitigate adverse selection include:

1. **Buying Information**: Acquiring more information to reduce the information asymmetry.
2. **Signaling**: Allowing informed parties to credibly reveal their type, such as through warranties.
3. **Screening**: Designing contracts or offers that induce self-selection based on type.
4. **Reputation and Legal Recourse**: Using reputational mechanisms or legal systems to ensure truthful revelation of information.

If you can provide more details about the specific question, I can guide you further on how these concepts might apply.",12_adverseselection.pdf,1,15264,3679,6706,198,1043,"doc_type=exam, year=2023",0,hybrid_full_doc,False,0.3488,0.3488,0.3488,0.0,[0.3488],"[""12_adverseselection.pdf|lecture|unit:N/A""]",False,none,,,,,[],"[{""idx"": 0, ""file"": ""12_adverseselection.pdf"", ""score"": 0.3488, ""text"": ""n a way that we want them to?Next Class""}]",True,validation_failed_reference_1a_not_found_in_top_chunks,12_adverseselection.pdf,5011,chunk_frequency,True,False,1a,0
2026-01-27T02:57:26.611148Z,9DZjr-Y39RZGJ4Uj,mgt404,MGT 404 Economics & Game Theory,MGT 404 Economics & Game Theory,d5oSmJ4cZNwv7Xv-atbvfw,I need help with question a) from section 1 in the 2024 final,"It looks like you're asking about question a) from section 1 of the 2024 final exam. Unfortunately, the provided excerpts don't contain specific details about this question. However, I can help you with general strategies for tackling exam questions or clarify concepts related to the course. If you have any specific topics or concepts from the course that you need help with, feel free to ask!","MGT_404 2024_final_exam (1).pdf, MGT_404 2024_final_exam_with_solutions (1).pdf, MGT_404 2024_final_exam (1).pdf",8,17825,13656,3082,66,1043,"doc_type=exam, year=2024",73,filtered,False,10,0,1.25,10,"[10, 0, 0, 0, 0, 0, 0, 0]","[""MGT_404 2024_final_exam (1).pdf|exam|unit:N/A"", ""MGT_404 2024_final_exam_with_solutions (1).pdf|exam|unit:N/A"", ""MGT_404 2024_final_exam (1).pdf|exam|unit:N/A"", ""MGT_404 2024_final_exam_with_solutions (1).pdf|exam|unit:N/A"", ""MGT_404 2024_final_exam_with_solutions (1).pdf|exam|unit:N/A"", ""MGT_404 2024_final_exam (1).pdf|exam|unit:N/A"", ""MGT_404 2024_final_exam_with_solutions (1).pdf|exam|unit:N/A"", ""MGT_404 2024_final_exam (1).pdf|exam|unit:N/A""]",True,llm,12158,10,0,0.4706,"[""Directly contains question a) from section 1."", ""No specific content related to question a) from se"", ""No specific content related to question a) from se""]","[{""idx"": 0, ""file"": ""MGT_404 2024_final_exam_with_solutions (1).pdf"", ""score"": 0.5199, ""text"": ""MGT 404 2023 Final Exam   1  FINAL EXAM Fall 2024   \u2022 This is a closed-book exam.  Only a 8.5\u201dx11\u201d formula sheet is allowed.  \u2022 No electronic devices are allowed, except for the simple calculator we p""}, {""idx"": 1, ""file"": ""MGT_404 2024_final_exam (1).pdf"", ""score"": 0.5191, ""text"": ""MGT 404 2023 Final Exam   1  FINAL EXAM Fall 2024   \u2022 This is a closed-book exam.  Only a 8.5\u201dx11\u201d formula sheet is allowed.  \u2022 No electronic devices are allowed, except for the simple calculator we p""}, {""idx"": 2, ""file"": ""MGT_404 2024_final_exam_with_solutions (1).pdf"", ""score"": 0.4976, ""text"": ""on work in the construction process (e.g., wiring, plumbing, and application of permits etc) difficult. These caused the supply to decrease. Suppose that the supply in 2022 became:   \ud835\udc44\""(\ud835\udc5d)=10\ud835\udc5d.    c)""}, {""idx"": 3, ""file"": ""MGT_404 2024_final_exam_with_solutions (1).pdf"", ""score"": 0.4813, ""text"": ""en of calculation. Don\u2019t worry if you find the numbers unrealistic---you could make sense of these numbers in your head by picking the right units yourself (but no need to answer with these units). \u2022""}, {""idx"": 4, ""file"": ""MGT_404 2024_final_exam (1).pdf"", ""score"": 0.4706, ""text"": ""rson work in the construction process (e.g., wiring, plumbing, and application of permits etc) difficult. These caused the supply to decrease. Suppose that the supply in 2022 became:   \ud835\udc44\""(\ud835\udc5d)=10\ud835\udc5d.""}, {""idx"": 5, ""file"": ""MGT_404 2024_final_exam (1).pdf"", ""score"": 0.4694, ""text"": ""en of calculation. Don\u2019t worry if you find the numbers unrealistic---you could make sense of these numbers in your head by picking the right units yourself (but no need to answer with these units). \u2022""}, {""idx"": 6, ""file"": ""MGT_404 2024_final_exam_with_solutions (1).pdf"", ""score"": 0.4558, ""text"": ""1, 18  For example, if both firms set a price of $800, Apple will have a demand of 30 million units and Samsung will have a demand of 20 million units. (While the demand numbers are in Millions, you""}, {""idx"": 7, ""file"": ""MGT_404 2024_final_exam (1).pdf"", ""score"": 0.4552, ""text"": ""ustomers will buy from Samsung. Please answer the following questions. [Hint: You need to re-draw a game matrix.] (c-1) What prices will the two companies now set in the Nash Equilibrium? [2 points]""}, {""idx"": 8, ""file"": ""MGT_404 2024_final_exam_with_solutions (1).pdf"", ""score"": 0.4532, ""text"": ""plit the reward of $10 equally.  Assume there are at least three players in the game, and that each player aims to maximize their own reward. What are the Nash Equilibria of this new guessing game?""}, {""idx"": 9, ""file"": ""MGT_404 2024_final_exam_with_solutions (1).pdf"", ""score"": 0.4517, ""text"": ""Hint: Start by drawing the game tree.] (b-1) What prices will the two companies set? [4 points] (b-2) If instead Samsung announces its price first, how will each company\u2019s profit change? [4 points]""}, {""idx"": 10, ""file"": ""MGT_404 2024_final_exam (1).pdf"", ""score"": 0.4469, ""text"": ""l be deleted once final grades are posted unless required for an ongoing Honor Committee case).  \u2022 Faculty will circulate in each classroom throughout the exam to answer clarifying questions.""}, {""idx"": 11, ""file"": ""MGT_404 2024_final_exam (1).pdf"", ""score"": 0.4458, ""text"": ""he target number were the winners, and each winner received a reward of $10.  Now, let\u2019s make TWO changes: \u2022 The target number is now the average of all the guesses (instead of 2/3 of the average). \u2022""}, {""idx"": 12, ""file"": ""MGT_404 2024_final_exam_with_solutions (1).pdf"", ""score"": 0.4449, ""text"": ""l be deleted once final grades are posted unless required for an ongoing Honor Committee case).  \u2022 Faculty will circulate in each classroom throughout the exam to answer clarifying questions.""}, {""idx"": 13, ""file"": ""MGT_404 2024_final_exam (1).pdf"", ""score"": 0.4424, ""text"": ""ions. [Hint: Start by constructing the game matrix with profit numbers. Don\u2019t forget to include costs, and be sure to double check your calculations before proceeding.] (a-1) Does Samsung have a domin""}, {""idx"": 14, ""file"": ""MGT_404 2024_final_exam (1).pdf"", ""score"": 0.4422, ""text"": ""Connecticut is considering imposing a tax on carbon emissions. What kind of tax is it and what is its purpose? Under which conditions would the imposition of such a tax lead to an efficient outcome?""}, {""idx"": 15, ""file"": ""MGT_404 2024_final_exam_with_solutions (1).pdf"", ""score"": 0.4285, ""text"": ""o reduce carbon emissions by equalizing private costs and social costs. Tax is only efficient if it is possible to correctly price the externality / quantify the social costs of carbon emissions.  h)""}, {""idx"": 16, ""file"": ""MGT_404 2024_final_exam_with_solutions (1).pdf"", ""score"": 0.4276, ""text"": ""\u201cLONG\u201d on the cover of your Blue Books.  \u2022 Answers written anywhere else, including on the question sheet will NOT be graded.  \u2022 Please return the Blue Books AND the question sheet after the exam.  \u2022""}, {""idx"": 17, ""file"": ""MGT_404 2024_final_exam_with_solutions (1).pdf"", ""score"": 0.4275, ""text"": ""+1.)  Section II: LONG PROBLEMS (100 points)  Problem 1 (20 points)  From the second quarter of 2020 to the fourth quarter of 2022, the median home sales price went up by 48%. This question explores a""}, {""idx"": 18, ""file"": ""MGT_404 2024_final_exam_with_solutions (1).pdf"", ""score"": 0.4243, ""text"": ""MR = MC when Q=62.5 and P = 7.  b) (6 points) What are the company\u2019s profits? What is consumer surplus? What is the deadweight loss?  Profits are equal to P*Q \u2013 FC - VC * Q = 7*62.5-2*62.5 = 312.5.""}, {""idx"": 19, ""file"": ""MGT_404 2024_final_exam_with_solutions (1).pdf"", ""score"": 0.4239, ""text"": ""d be where demand equals supply, the base of the triangle is 125. The height of the triangle is the intercept between the intercept of the inverse demand curve (12) and marginal costs (2), i.e., 10.""}]",False,,,0,,True,True,1a,1